{
  "DELETE Book 1" : {
    "transaction" : "DELETE Book 1",
    "sampleCount" : 50,
    "errorCount" : 49,
    "errorPct" : 98.0,
    "meanResTime" : 50.28,
    "medianResTime" : 25.5,
    "minResTime" : 7.0,
    "maxResTime" : 255.0,
    "pct1ResTime" : 128.39999999999998,
    "pct2ResTime" : 180.64999999999992,
    "pct3ResTime" : 255.0,
    "throughput" : 3.5100035100035103,
    "receivedKBytesPerSec" : 0.9995283432783433,
    "sentKBytesPerSec" : 0.6512701825201825
  },
  "Total" : {
    "transaction" : "Total",
    "sampleCount" : 350,
    "errorCount" : 244,
    "errorPct" : 69.71429,
    "meanResTime" : 48.82857142857141,
    "medianResTime" : 22.0,
    "minResTime" : 7.0,
    "maxResTime" : 789.0,
    "pct1ResTime" : 135.4000000000002,
    "pct2ResTime" : 181.19999999999982,
    "pct3ResTime" : 317.60000000000036,
    "throughput" : 0.6786246798345706,
    "receivedKBytesPerSec" : 0.5131909792844969,
    "sentKBytesPerSec" : 0.12696757228322303
  },
  "POST Book" : {
    "transaction" : "POST Book",
    "sampleCount" : 50,
    "errorCount" : 0,
    "errorPct" : 0.0,
    "meanResTime" : 59.08000000000001,
    "medianResTime" : 26.0,
    "minResTime" : 8.0,
    "maxResTime" : 276.0,
    "pct1ResTime" : 157.2,
    "pct2ResTime" : 211.8499999999996,
    "pct3ResTime" : 276.0,
    "throughput" : 3.423250718882651,
    "receivedKBytesPerSec" : 1.2673382300082159,
    "sentKBytesPerSec" : 0.9062922557510612
  },
  "GET Books" : {
    "transaction" : "GET Books",
    "sampleCount" : 150,
    "errorCount" : 100,
    "errorPct" : 66.666664,
    "meanResTime" : 47.22,
    "medianResTime" : 19.5,
    "minResTime" : 7.0,
    "maxResTime" : 789.0,
    "pct1ResTime" : 96.10000000000005,
    "pct2ResTime" : 233.39999999999964,
    "pct3ResTime" : 689.5500000000018,
    "throughput" : 0.2915684243059214,
    "receivedKBytesPerSec" : 0.3951815159225517,
    "sentKBytesPerSec" : 0.041191632860927696
  },
  "PUT Book 1" : {
    "transaction" : "PUT Book 1",
    "sampleCount" : 50,
    "errorCount" : 48,
    "errorPct" : 96.0,
    "meanResTime" : 41.84,
    "medianResTime" : 19.5,
    "minResTime" : 7.0,
    "maxResTime" : 237.0,
    "pct1ResTime" : 129.29999999999998,
    "pct2ResTime" : 184.2499999999999,
    "pct3ResTime" : 237.0,
    "throughput" : 3.484077764615706,
    "receivedKBytesPerSec" : 0.994187034004599,
    "sentKBytesPerSec" : 0.9458726743780921
  },
  "GET Book 1" : {
    "transaction" : "GET Book 1",
    "sampleCount" : 50,
    "errorCount" : 47,
    "errorPct" : 94.0,
    "meanResTime" : 48.93999999999997,
    "medianResTime" : 22.0,
    "minResTime" : 7.0,
    "maxResTime" : 235.0,
    "pct1ResTime" : 140.99999999999997,
    "pct2ResTime" : 184.7999999999999,
    "pct3ResTime" : 235.0,
    "throughput" : 3.4204405527431936,
    "receivedKBytesPerSec" : 0.9821073548022985,
    "sentKBytesPerSec" : 0.5611660281844302
  }
}